shopid,itemid,status,images
5182389,18265571,0,"907bb9abc902d47e78cdf41e8f5759ec,5051ca757b20e0cfe84bcefc82030abb,a5276bb33cfdf0bac0f311f7d972d629,984970245433ad7a1134c6abaadd70fb,034107f3f6f87ced35b022682002bbd1,87d35b7c3a34b018836c91dac7c21e61,036ceb501b9c828109219fbd821995e4,109a7074cedbb49f66df6d194a745d68"
5182389,18272307,1,"711c61c4311a0a96b261e920418b780b,7c08de5baba0259cc8cc4650ed30727f,88e6e8ef4cc8b2ae06b1fd93c6fc05d6,69c18a69e81037e18d9fd9334fccd785,6f116793ecd234b3b15b85a8d3399a12,07f960645e2284c0960ef9e72fae7c23,ba1582adb5d7718327856b1240a33e66,ffe45fbccf9c2d07964f6bbe6aceb8ee,994ccfb31b1a984615ac57565371e8b6"
5182389,18272391,1,"69528cbafc29840497f186cd5f777bd8,c59cab18f131dd8d9e40f93edc561ade,329e815acd5f01f38e6156448fde21f6,3a672db24ad69f6ed1033d591158def0,cccb8227ef3eca595eef76aa0eb9b14c,f7cfa732995a837e321d5eeb9036b093,531dddd2041705322250de95128ee0bb,78da5eaa292aa37212ad4c07cf22cbbe,021c89ed64fa1add4549e1eaa051dca7"
5182389,18272505,1,"453731d306966c6245c7068d36fc6d51,377df16d5091111a17c8851639e38ef0,b010f07d5d3946cc972617b7e318f366,0ffa57183caa9ea9b2c4f353724fc1f1,71974158bb137e6d9818e52e149b9b40,bcf1cb1194b2776224a0a9b8ff6edd32,860769d7c53511d86cb656bb87aaf50d,4e707fe6e23141ed214b938b08f5da0a"
5182389,26212362,1,"f50462e67d78255ae26ed7d0a7f54e77,44e6b201b6f09a69041f12b3afbc90c9,ee4f077cadae571b83dadb6fabe57f8a,f8f6927262480a16d6a49ed65f7bffd6,6e391073869e67582348c18a8abd99e6,14f94cb33ddce39868f5f5a58d04a306,565e0687a4d18c22977a2e6241e38bba,a28201f3301098e1fd8eb2e4664485d9,ed2c72d9744c3c822ceb3c8f43a09136"
5182389,23782269,1,"aba01f1fb2aaad5caee7e884d1fd9224,ed445867c145cd53134927b7a16963db,92c6f696bf0b93f6af27a46fbd75113a,09347b348522c2d7411d7fb6da71e4c6,7f3b9fcf44df43bf7b527237da0a7387"
5182389,21284969,1,"de10258b7e0a65575b68d6145947af74,e37601c52dbeea37083fcd5d380289d1,8eb0eb0ff248cf929308bc41944c7c2b,d673e75fe303195fb25b0a05b1a6ea59,d1a6b6aa004583c4d0d093fd33c09098"
5182389,41295863,1,"0b08359e9a2710b1c4ac483503f9ab54,4d5799e7b04a8fd02a871d1d4f038099,95cb2ecdebeea03807510d0305e32243,f49f2767c76870a723157610782a6ef2,84faa23b801f4d2a43de0023ac068e21,6df692f023e9a0609386b50c1fc160d8,c41f6de1594ed4407687180be6971ff8,6203a54c98f8b968aa99198cd5edd33f,2c461a7724cb20b263b92649d1949555"
5182389,22734026,1,"63d1e972d4aea9dcee622fed5b6d89a2,ac2ee6a3a9f3b290ac291705bf05b51e,813cff2402e80289913b08bee56c3d34,79fa2fbce09f1b90e818bcd311abb7c6,f227d22ce2c52e3f2711730d6f32e2e4,f39c1acd4f2a5eedcdbf20f31881f184,b7bf0115a02ce590f95618b132f06907,d99f084d000e63f4cf16be76091c8f4c,cc40b0069f80f81f35c09f85b9a6a5bb"
5182389,26212504,1,"84b3c6a371980d1144ec6f4f364d1a72,72b3c6abce0205ea82ad60b0252fc8d6,55606ea407d96205d146f5b77af83c2c,a49e3985f1aeb0b580c4b1c4fe2e9da8,1e2dcdd0c02f65a5e6e144190e7653e6,5aafa4ebed750fd66d36776c83befc91,9dadc792ff0b96c067d37891f893a322,49f26b3d42a3d8a79682f8f3cac2b659,59069b456cccd3496bef46b9b5ce729a"
5182389,23782127,1,"74bdcdc9e4200e112f70ff397bba0b1e,d2ed3c15bcb8b72e05f5e8949be9937e,a8ba3b8e27bcbafa70e54414eb1f5285,619edf6e0f225e37b3481191cc0c9a24,f213139d61cff54cabe8e37c21191bc2,f0aee4033c8fb422497e2b1ec7203228,6b5e84af35a9eaa6582bc6884dc583a4,d7c3290122ac98f4df2960bc91b87df2"
5182389,18272383,4,"a3450d0122312e460389331ab2506101,dc1a066881fe25da800455346be02263,f3ba88d4f8a8603c7a0b85f47d85137e,004a2d74916bc51a8a842db4a70b6d27,dd2c95d6bf1b652ae2c218b9420d07f5,a296f0ff1e5c449c209d3767b16c7cea,3624f6810aecc5f2eb2efb7bb15d68fc,05e43bf12821841be2fa3f7c54890224,d32704c48261bfeab3d225075be5a24b"
5182389,18272508,1,"dc3dab727dee32a755f97570912810fa,28f97ce274425ea10b4134c7d8fa6d14,330d731913ade10d6211c7b29461f1dc,57b530ff9e5838cf5f01b80ba173a0a0,fade335d595981086014fba7520b4fed,5715a6ee105e5e832d37cf8d63d7e5f9,5f78cd6a7a9dba7ab5da759f8416fc17,96bc5f80e45c6d7bf55fef07949c60d1"
5182389,22733075,1,"906450d3ceb530c75c62955d9e1133c0,7ad5a1f4f101ea9a8b4146319b8bed7f,f0404b06233ec2850647ebcb3d3a2f78,1313ebd01af3c1424b12ffe17c68ac73,0908ddda6c987740c32b15f700eee6d6,387e98fe23090f9ba220c5cdd0b315b8,c5140e9a612b57666f1e0253e9f85186,5f5cec1926e370cbef18756ed5aa2fb0,c7dfd5f0d2a11b03ec759f9070c016d6"
5182389,18265561,0,"26a42ed74a14093474f77c063c61ecdd,67142bd42002ddfb18dffe407c427efb,4e34d40defc8abb3e9a2364e97358e84,fb7251b347b982bc43eeab1c4fb760fd,66994d06e9195487bc4379bafd74f062,2c457f2f3db56a11a0677f27b8a42d21,1d29bf5831ad1c7518c21ef0f8a07753"
5182389,18265564,0,"bbcc1b2104113c9a2131db2607483549,dd285d2333b111f91d5ca2f033032f29,9e91e1434fcf32525396f914e58dfcf1,b8f6dbd3a9d15d0d256dd2e06277e980,c22c96d73ce7e1f802e3782caa8af3d2,a94bad601366b789af31fd7be2bc9da5"
5182389,18265567,0,"11f4b51b04c4e96b6bfcbdb8dc555f99,31f0fe87ff0cb7282099b4aac59b78fa,633efccf43454008ef64569deb5495d5,0d99b6dcca9595e0e50ead53cd4621b5,4befd9bcda1845195a9a2590d0ffe23d,e4c8a34ff3f66df64394222e0099b90c"
5182389,18265569,0,"77f766ea73e0a8559a5d2e5e1b0efb26,19915f482b6b379cb4d964e70d92dfb9,646cd090ab6ae0a468eb54ef3fff70f1,ecef7fd3c653800b6dce40bc4a6d93aa,41d9a03ff417b6bfd29c784f0f6e2e9b,dcb684c49f537e12f819882991545b7b,2d6d9ecc9f3411ff1659a04532c70c51"
5182389,18265574,0,"ed52af34d3ba7b9a6b2b0323c15ec4b7,b6107a2c0962335d5ef2371c9ca919e0,b83b1ac6390fcc1448f7b62888dc6b6d,bde2938b0eaa0248cab1007e926e2fe7,dc4ec6ec0c8d4d0aab4d244893f12238,5c7ce970181edecf5cf6e696fecce7ae,549138e5bd21971c4fb890bf41d80b15,9225647f52fc336f742d02bd6d54eb0c,f49abf765d5edd8095ebf729b935abc6"
5182389,18265577,0,"b9f963916c45c4419cfd318f07f628a8,7c4a401fcf84fd6ee506c4328cf06972,3a449dd88c6be03e8e7d320c2b3453ef,34873be41f6e6b295cfb8da4793aaf4d,1584838ed1740b241a2f32410204874d,6fed90229d5e84653ac8ccc555225225,5d15b0fdd7e3a126358a3a814a420832,c06136e90ab0305de0924f6cfc7b4003,95f50e4080e57c9473e2cd34726204b5"
5182389,18265581,0,"cafb60cb039ddda5489d938565d2dc93,f60d620a831d8d13c441a0dbe7d7f428,d1ae37bb0c89c35c64550166e4e18ec2,f10468596181cbc98feae1751c724349,5e887b6f3fcd2cb819b4e62347b2adb7,d36d9e52ed6de639b95f139c7eb1bd41,9d03dd565b9c848aac9f447e33b741b6,db2d99546113ccdaf1c812e0600ae1e8,bfd2d312ecb57e6351141bd7b760c821"
5182389,18265582,0,"711c61c4311a0a96b261e920418b780b,7c08de5baba0259cc8cc4650ed30727f,88e6e8ef4cc8b2ae06b1fd93c6fc05d6,69c18a69e81037e18d9fd9334fccd785,6f116793ecd234b3b15b85a8d3399a12,07f960645e2284c0960ef9e72fae7c23,ba1582adb5d7718327856b1240a33e66,ffe45fbccf9c2d07964f6bbe6aceb8ee,994ccfb31b1a984615ac57565371e8b6"
5182389,18272312,1,"cb591bdce6b327804fd9e6c93375be05,6f874aada6ad411376eaf3d1d0de5f50,a9e83e975d82fcf0b2d6cbfc2aaa8e7e,e61dc33b6d6d6a0f8daf214b866288ee,6b4d2403b864e84af3101c76799715cd,ee98ae4c8cb748493cc68f7579eb0f47,a1b96ff2008c1fb98ada989b938af8f8,b4ab91170e13f39a54f1c1040b37a10f,6ada17943c856d3b6e4997dd6a0f2b96"
5182389,18272316,1,"616e8e39c3514d81da76a4c1506ee25e,9cc62de69a81d15c07dc5bb181c5a6da,eb82c5b6a77e7040dda086203768c104,58a55a511a9275a0e492265cdf98a678,6305bfc50a7412932eade882b00dbfb6,2407450b82c8c3648d78c0b408e30db4,b34bc6662a78ba23bf45c0204dd0abd8,500dd25f3dba64a83d3c84064ea420b1,b6a9febd7561e79b749684361cdc0bcd"
5182389,18272318,1,"eb728d6e9df62dc6ded78f6a83e5af64,150a0956b44490e62a14773a0279074f,82074e0a30b0ad389bc32a47922be899,9d03adc2fcb18fb4f8c033b84734a9fa,5f7bd1b0d5ac77da7e5f8f39244d410b,557168fe5b66ed41ef82a37e72cb9112"
5182389,18272319,1,"9a8cb323d550648a39e903c1845bd919,29414afd984fd73d773d3daac4f60b41,d12b5feb831d19be7830e3855be1aac7,5f3f0d621aafcdc7122d787a960140bb,d8f90c31c70b8efc4c687e9c30394990,0b8cbdadee39ed2f94162ddc62a37c2b,a7ea5d1757f6a93d7c6bd4c5a88c2999"
5182389,18272324,1,"867ae83bde19142b0551bd1b7b33f2cb,996bac4ea3bf240ec45514273ab8a313,2864ee066e2d378933b145d29246bec7,54e7d5a9c985a684a633fc93af34f591,39cef6f6f50b07a1b44ec018c38562d7,7e5a17d80fc901d357f7049e0ab3e074,d4481e93638e1c10be2b5b39639070de,0b4136bca50b9b5c552354ef5bbd9a99,0f8305a4ccd5f153cdf9c274c50b9374"
5182389,18272330,1,"3355d2cabcb19e85276bc2383a34a8d9,cfc767a2679cba6e1faaaaaceec0816a,109ddb437e272b208f80816d3ac89730,3e3193cbafaec2f57b240846d76abae8,9b755f03d49cc227d2d0ed44cef6c05c,8a519b5a547183e8848969f1c6d1944d,710f6bdb53b98c6495e0d829c8ad10ef,a8103426915f6a8c567e855a74ef94c6,2260ca89224211a5e2f90d355ec1ce34"
5182389,18272333,1,"945245f53bbab9cc7ef95f383e784c3e,b5b39b682355fcf87a96c70a89109e3a,43caceb7704e5254a3cdee7369ef5452,c61e316457d03f74ed47b87c4b14f08c,d7b869e3870e78d90a470d5b5f74531c,157b03d48affea15670b658cbb38a84f,18b3654474e9d851b38aa9ecbbfcdb97,52cd12e4e12f3c5ce1041461b459b500,43caceb7704e5254a3cdee7369ef5452"
5182389,18272338,4,"5c9cb8c6c52343eb193a45cac35b43d6,2d751ae5f478243e8858dd88f77936b5,22f9fcc65b827116c5f7dd46683bb4d9,aa587a9d94dc0668a3409b119ade7b94,a904e8b00944a1fc0afd64aa54f3c118,aa493c38d5745c22367c915d95bd7f40,ed7b19193ebe125dbb67a95567a16356,4f240591ab53c45d7e5facf933296f37"
5182389,18272340,1,"4faf02e2c01f5068c6195fbfe71a4bb0,46ff46d31708f6dfffcfbc7030de964a,baf47ad5844dd2247fae6c427aa3b1ef,430c6a92804ec258c10d13f78ca45d29,b4d4823e48b3881f416bca85fcc77bd4,d0ca1245e94d3c4ad296fe1958f2eb36,994842c0b7d6fa9c90487ed35baf47d4,5cf479022b10206f7af5143a9853302a"
5182389,18272349,1,"e58c4dadf0e7a2e36bdd16d9bbb91427,493ca58f09ee8cbfd9b6194a38d37c1b,47aad25a1f11d9eb77727b69550a6153,d12d9a0ab9abc2cfb28e864b977929c1,5fb31de564dcb865980466b5053412a9,3a565e909b6cae77651a95daf8b32535"
5182389,18272353,4,"a20afaa7801beda97c81150788dd1683,e4c5298da3d030a93c78db2a18f742f5,941ecb0c4831a56965682c81a5c6f835,59b1382778e40cb9b808b92d27027a80,aa914fa46be42c71593064625958584f,f90e45e3d0f65656cb4dcb7e858a99ca"
5182389,18272356,1,"2724642e02b38a79ddb1625d2fc77251,f72073841e76bc58718fb9d3adafd3c7,0a96b6eebf2f7cf1d6ac25464dea83f6,5b9b02749f3925580eaa786aded0ba5d,a257d9d9f190d558aa3669d9ddce4e10,02c615a72494d5dc4583108972d89893,2c99b83f0032b1f653e97590f7a96af9,c5e8e2ff5b67f9f5afc717e80348f079,afaca79c60530530a1903ccd3a0e23e0"
5182389,18272362,4,"694995299d7020f5317bc6d2e0915952,ab560ccf62b5d080960c1ac8c847f0ad,8ae29473629aab542dfcbc93ea5002a6,e69d33b09abb55662d0a31b7f47206ac,8fd219ef5fef5218c189e12608fcfcb9,dae3b7d633c51aff07d3d89bf5dccf5d,dc71b4435358a09d248c14b68f224578,60981b982e4b217716325002b8be3c79,991df8b7810b2cd798271047f4f88fcc"
5182389,18272367,1,"21ad235b010a6c804cf0819da21d7049,ce9766516dd31241fe1ce1ab75e900cb,53284c8be535425c4b5f23f3800fbdc8,a338098231d13700d16d77b4c2b437e5,19e503da9155e5fbc1ecb2933c58d2e5,b86918d5db48b5dca0ed1b31c5eb87a5,fe609188b2f3e5e9c8d7eeb26df8977d"
5182389,18272369,1,"ce8c2b7ca1d9f02cc51ceb67eabc44f5,aa108db6b417dd6e82b040e73c333124,1c9e52fd36b806bdd3d1b0cf31d03d51,ea9149c6e296d840a490b5dad1dca544,dd96e9736bffbd1c14cde188a16b4f5b,08334651a0995f0d898b2edd8742bab6,159393ef045ba3128741bb127eda4724,fcabb593e00ea5fd234c980b824fba9b"
5182389,18272374,4,"a13178d31f1424c076d5a34e9159f593,d6c70c1687315a27cb0bd72e24d1c2c5,008959a57cbe39bbace69906fee8ba51,2771484eb7dd1f9ffa78569cd2fed6fd,2f779d97572c0a5f7ba17e1f2f61c3c5,11afc93762d193e91613cf4f74d305d9,99ef044d700cc4b00c12174a28e1786a,0e7aa31529b8c374f98be760b14c1825,64291048c3ab40e0b7127baa41a14156"
5182389,18272378,1,"9ebd0a81228a6ede4b99e8078a1ffe07,fb2d73724bc679c11977756b9b75cc7a,4147528cf1b0dd2f86a86f1d91d0c837,941b0cd87ffc24ea5f91c4589f9add8d,fe70abb0aa77448be42dc0ed290a4f67,428f2207b6252bac225dba49d2595664,9e44eb19f293072b17b195f98b35297c,77c21a1dc94b74b72c0dd8634ec0e027,44beff70496c0cccda809fb79507ae7a"
5182389,18272390,1,"360072624c6c8d3d8d4d6ae5dc4a086b,a41891de3121069d4b8fd4bf3b8c6354,aedff5d2bbde8da109ba272ee8e23485,7d0ea1fea2fba3869efa5912a0d9fc7c,0b2b6352f0612ef400c33e41d0b3b4a0,297e7aad84380489e045ca92a42fae1f,d9f1bddc4cd3a4fb01d9f97a85b95272,951f8e61ed5938ce16c61f0354f16768,b89120409ba4b541a5d5775596df6f74"
5182389,18272396,1,"d10e11578d9370ea80f38da26c89977a,c576cd5d217564cd08f421a1ddf97634,8fe184c3cb59c02a5512d7479c2c979d,8ad1b7489cd02b01dc7e3ed322ffbd00,f0d90baaf8b38cc7b8ec2c2810d51ebc,44ff6c873effe90a32658d7e1a7e711c,329fd02dde53eb00e8dc0228cadedb1c,070a6e8163a061fb7a296669244e032f,9f44a2d47e0b624dbbc47d9658cbc87d"
5182389,18272399,1,"ccd1052d97846ba417f40aea0164b11b,7364f414ae9c81e1f0e22f6f59c48b31,164b06fa4a650743a2f8f39df9828e15,612029e7225f764e6ff9cd0c4eebc335,8f31a4fc7b20f2b249a9758ef6836972,2505737072bf3d748c48a84d4d93dacd,0902b1e872d006dc850e0cd51a947f40,6309a255fca36dd9ad1e3294fce78094,e6b08ffa621792a13cb69b9f2cb68b57"
5182389,18272401,4,"1c1e4a4bf3c62c601ef986d1bcceb0c2,49f0fedabd34f30cae18e5e3b2df13a5,80c8471f06340f6cafbeb5781e9acebd,3151f93ed610b25214107e7914f94172,2661fd7b646350b171cdeda6d39c4e1b,b0c565bf75c46762ba14c98001955627"
5182389,18272405,1,"addf5f253337d6f8d9c8ae7a0067e38f,ec18fa1815a20c80155e1fd19a4250de,e780e9372915f700e2501dd7a57f39a4,f13d4a008e3a4e2c32b1dca936f98da5,bbbea909f499bcf4c15ec284a7d25f22,98465593c682ac46420bf5b5a62fe4fa,c4fc8c147362f88fdab6ceab7e2bdfbb"
5182389,18272409,1,"f4ea528a596cf9af234a85822ef15758,a34f080cfc637b41ac838dee56cef328,0d1beef26aec940762fc2260e057f46c,48f3da5816b99f7b35f22ccb44054b7c,a27be8b91756d613301101f9947052b5,030cf12811fa4eb496c9eb7f32788c3c,4e0ad4da89574892721abf76b3f39116,779295f21d5eaae0996dfd7220a3f459,5e1949b5b9ea09a85e48720c128433a4"
5182389,18272413,4,"abfe097e302576846134095466a709b3,b49bcc127f27478bb2aef2a0bd8efd46,686695b84b9f3c61d20a279baeffc440,7cac73a2a39cd3512064bf61b4af6210,87872de7c4e6c4100c8dd2b3917871ec,c59a38da01d39c9419378c727d8cc9ab,a375b591431f37da6dc05c0c3474ab19,085955e7faa150296550f11312f10568,cdf66a94ff10263390b153d38b7c6490"
5182389,18272414,1,"bde8accca1b138589009d39e1471a9db,6d6be806d6a496508144c20bcafbd8ff,8ff1900a07e33394060eb9d5d55df7b0,af702bec7380ed3d993835748c84dfea,9398c9152c84850fd184e919dfac4d94,f27d88aee202076b4ee5d72891aceb5d,70dd8be2e5b94938560969cc5154197d,48cdf019b98f70bd89020efa7927dbfe"
5182389,18272423,4,"8cb401406894bd26fa014b360bc00b93,5657538c49b260e5e0242adf0cac77ad,3e7c1545f37b5ec31deaadb50ec15d99,a37f6dd4e1fbe53ef7660e11ff94f099,2ca2a98ecf827b8157bf4456375f77f3,bf086440584952f9cff210ed3bfc5464,e65effb4d5a208cd2cf24d2e9d3b7343,9696e2c8fc58ebbba6273e2437305058,0cec6fa60b8780e8cc66e61de12ba440"
5182389,18272425,0,"e4d2dabc507f516553e86ed8e5096f4b,85bc322f77a54765c6e3f9df2ca12a93,b935cf268852bf9024b5b4d9712dfafa,95474f9574a3deff9ad1fc92b042bffe,adf49e9be222c41db08b5a7b9025eaa9,7da2a37865ed30811a83fe8d1c607105,f9dbde0887ef80e17ea8a09d8059e653,5954ada4c8c02e1de2321282bf767373,2329b035b089fcc2b5145c431da3714f"
5182389,18272427,4,"f1449235671ca10e912dcef322646fc6,17525c22a2297ad535dd6256c83294c3,721c58996935ba769595b97c1a12b760,92e88e09a7138d7426b693bdcad6865a,116f2cc7478b89d53f84718fd4f7fe3d,9a644f68f17cf13e79f5d0cafc6dcb0e,18d8eb5410f8bc6a69ba47c9ec0e7982,3b7232c336065e483e334449a8392ee6,99d12532739054c35fa4826d923bb8d4"
5182389,18272552,1,"0cfada9cf69290a15d9fc24c228422ca,7b090626ad3dd6de6974de8c5344975c,c9255a2598a88d12ad8c7e63de5c694b,d10209b817368e7f3ef51e4e65f7429f,7418c948d9ba248d347c764fc72aafb8"
5182389,18272557,4,"7c23e318cfc9b120904307c9a7ace8b9,3c0e89bc3f42bade42ebfed929c74305,f96574a36756eeb0125920fbda332a73,a56e5eb61235473441efbc8e32b2e047,98b1c04025b7c8c164e11ba22f95141b,d97b2329c8de5f4682d98b478bcb41fa,d59f500d85e0c6a13cc94dd3fdb255bb,8060971eb504c3aea591f96b31013a64,da1e1622b6c6b82989d60756b168b914"
5182389,18272560,4,"4701ec426a801415f854b17f64e39f2e,953e6d36f464ad5c8162219359106bf9,715fca217ecf0e1dda0a05e9524edd9b,ef909b8790a7c767b8c4f4cceec28cc8,537134636f73b7c843c0bca50e6373f4,6636965cc7332ed0c156fc84c3dd86fc,c7800b92b2e1f823de6c40db86f7d0ed,4fb041d3e1b6944fb6246b79d3f73b1c,16d064968706baddf6849a6b1f7cd2b2"
5182389,18272562,0,"295437df9d7a389a7a0d72abfc343000,a5b7e38bccb99f3c628ed22431a68f1a,5756e8d48ded62f5ebb8cad894eeaf1a,bac5cee927437b6285b473e9ae22d1d9,e09e75b15b42e1a0b647d34b773ba3b4,9011db1197db8665ba4b4577ebb268bd,236523ed6a1c45e55fb0f0c84368e62a,74ef0dd6ca1502be5418479e5d54c495,b6f4586a16f31d9693a0f2db67c19a11"
5182389,18272567,1,"d1963620b653d203d0fb270a8c9ad10c,64c0e2da6b7794824240eba5b7cab0c7,845043c921ca993d4b03f7b707d14be3,97b60566e33a6f8f998805ce2ebe850f,79fe6bc277a8ac24edb705f02e94c63b,bbb2b348047a7605c677a48cf944f320,a06b33577ad3f46d7021a6e9d5daa3fc,487f55497359e34e720e326d7f2f7ec6"
5182389,18272574,1,"88cd138c35a3744939b2b664f5218c53,116acd8701a35219b63fa0af0fd4450e,b3f1310f7e8d81546aa9320fa87d8ffc,2f6b7fe178d01ca9b3c183845e68af7c,652c16da0bb007a494897a780104ba84,f6cd90c91cec6b228760eca1b31f744e,290cbeba46cf085f91eadc5c07505050,f937cffeba98b4ebbea4908e696507f7,dd849a7ebca03ee51837ff05e2a63415"
5182389,18272576,1,"a722d04392037d65921842a2982c6368,276e98d860d1f493f930312d5ec8a71b,d3e772230556a8d0e1c545a8f2cf932b,7b36eb4c6002773ced4a3af2f3fb8096,501ac281b95e63ac87d38eccbaeb70a2,d0790e602d508ab497a1d238e41e96b7,8a55396e319769526f146cfe6db0ebae,5e51c87ce55f994c2d399e51869172ab,8fc168b6183e80a51e135a8a24135571"
5182389,18272579,1,"6b54a78b80f4fb2af341a0a64f66f2ab,5b018a3f511f0f437878174aa460b393,cbdfde7397d7b6f015d7b374e601c005,d221b9684ac64715354322b87fc90e2d,359d6802e09fd02fa293b4144bebd420,72d135473159de49805b147b9b0fef8c,c148daf3080de52e8741a71a40208bfc,7b6efddf34eaea89857b08e67765cba8"
5182389,18272585,5,"0567eefd5ce786000970b42122a81d8e,880b115d6fc7db3f160d77122927bef1,c7b62cc1c00e5f78cb8096f06f8d2102,1e64114805207e75ebc77be70920c385,3ca153f9f7db6d5207e8bb8bb8f3dcb0,01960692c085775d39fc38b5e436bf39,6985069b2d7a7c3174ca118bcc8572d6"
5182389,18272587,1,"0fcc0832fd7bd2499f9a934d3f44e90b,baaff521f15895255faf67b5dc1bfcd2,79854c2dd870f3dcfb2c6a71dc260953,5afc9b4b82ac8f174c09b59dcb8b811b,8e0dbfec1dc79eca675711f9e5052eea,e12c77098c472c7ecb11e8766287dec0,dde19de21e8cc6c49212e69632e9604e,0a25d98094c9a5fcec98c7e113586009,eb900cb1c0f1b10cfff16888fea3d7d9"
5182389,18272589,1,"17f93f0119e50e573bb1bf91f61f5cd8,d577132ecdd19d41a707e2fe8f920c80,f19f931a5ce118ba05173ff8a2be3296,fedba35ec9bdcf4a689cf3c500f96b6d,56ba6c957f0eef17be754d127a90e9b8,86e18ccc564154bf1d88da8ce08ba097,6ce68168b7b0d4d188b78b083611432a"
5182389,18272594,1,"9d6ceb77c76da8fac4e349f068e9b254,965c127c26410d814f936dc823f65425,42a3b8187a127821fc766979e0354bf2,859a02a547127a39da0ea15899b39f0a,6fc16c6de18e06c2718b10ca0fa5fe1f,5262b210479f027d4e40ed4b3d3c08c7,e820b4246035afee84bcc405960265ea,ed26a080266176ca831e37dd1192d365,9134ea1157dde269f47f5447cf8fd489"
5182389,18272600,1,"7da26bad2974fa7fc5cb6e968cdef281,c3a3f60147c3608bebb4c8272eb862d6,0799778959664a0604e78aa55a18dfc8,a2fc2239d095ef9ce650419c3eb1e96c,742a5421ba78d29fa755e3d5cee85419,efd6e56d08b94989eca9af17a466a6fb,def584b877ff6b79f4a164dd2c90ef14"
5182389,18272603,1,"dea2bd786561935189abcb9b2fa42940,258768a8148cd419f5b99f8bba172b93,01d70f96105a29a2a9e71c478e3feb8c,49dbc9c9dc0ac37ffa75c84a0ad3ecc3,0b663849e2580a2d3403f15ee2113f74"
5182389,18272605,1,"eedac4066766f3bdc75c67696419314b,e2695bbcf0708a8b704461e14c6288a6,96feb8b498d10e67dd3e2f8b37270f58,02d2b2309ae07cee1983711e0c9195a9,3a559a9d43bda33e622e66dd2e841917,b04eb3a3bb15340e8699187ea9a65e11,547bc2f3d6cb0621763f6989b19189a1,452a1f14e5a833714988cb13b835274a,02f0ea9020557e823b4c3d0c3f8c37ea"
5182389,18272610,1,"90350d0e699b5e18a5053d3a390c8b3d,dc5ea9f28705306a2a514ca26af2ed50,db1e99e21dd19af240ede322fd03c793,6efa90adb35d518dab43142a6e459730,541cdee5f477e56e89519320df126889,c2488e4a3ea52d4a7f0532fff82d3e04,1d642d3d410aacd22d19dc45995f8bfa,b67edef214c8791abf2a1e64b922bd57,0e2c22251b7a2fa729c6381571128fdc"
5182389,18272611,4,"1a87f1921e6043c62a9084c021a0f2d7,59a4a1961a84c9cd404c482150cd4449,66085f20c7fa146da873c4cfe92c793d,afce3b57e2bdeb3aa30c84128466f898,eb2640cb06b6a6769b681daf679a96cb"
5182389,18272619,4,"609a840bc63ffbcb09ead8577da7a689,c930b98c1b86bb1d93333dd0f89a7966,353ffaf5270434c00528b7304d33aea6,7a6126fa7b225258f4ebabc9d00b4c37,980f56e0a597fbeaa191b0f6a6458163,29fd5ce2995dcb9f093c29db33b83436,056694815a04eec1c54e9f05d08cab74,4b837a7ebd5a0ee465f36cf5107de1b0,2be1a7a0cc392c69293edb243127f28e"
5182389,18272621,1,"46f53e1ebf92e863b5b1d2691593ba7a,fe8a4da668e1e5b96e388b8693210578,fd63616cedf4f4b3ec021a08e515b924,02ef60e5b9935ad528d9a307c8e5af34,e184772bf4cab2bb8f8a0186795bbd03,b1fb67940a3bccd50c56623e147647d1,dd56474af9d3e7c7ad2b24128ba3498b,a33e44b5aad54e504282afa086acffaf,3ca0b4ae2de41bd5ee0113d58ae02b85"
5182389,18272623,1,"fb0efa783c2a5e426df883735232ca9f,d1cb929adb0fd4f28f29a50bc3c5e677,a397359fd13b799270d21cdda5cfb6d8,6c3decf5f79395d2480f7a342cc29508,bf663ae398967572e8d484ac5dabe21d,4ce480a8965bf1b2b50adff3ef656d21,0755d6a49092281cc8582d927874ba62,feab96de253021ad9af3b0137675f6d7,1525e0778419bcb93e6848f9ddf4e214"
5182389,18272648,1,"12b2d3b946af652f3193f8c6016904f0,fa37acc495889c2a82868db9ad128540,afbb26bb5e039405d06e2736c8f68401,5b6fcd5286bbcfa73b0cd52788e94892"
5182389,18272650,1,"236db957470311aa266f203d346ef804,cbb39c147dd5669e25b0873b6880f8aa,c1d9e13a125f3d6b64872de79c3e090c,f2727af808b5360fd90f1241015ca9eb,c89174da21dd1c9974efa7e7d31579fc,b9de7aee83c724efe7585323305c73af,147774c1e4fe286aa4b6ebaa01cad542,bcf7592980c9aaca64694f0faa0c1ea4,42c9b986a97e638c7e19842549e1cb3b"
5182389,18272656,1,"9720b9aa528fc1b37409055cf6cf6400,0a5885679bb3b6f220517f7a43230c03,fc482d3444e4f7012a60d8dac6144918,a47e7153230f3a22006afbd51d74ebe0,5cc27f6220c9700a9d2dbd437bf382e1,1002fbe401b385209120a188bb0e8ce3,21907bb05f7bd449aeac641d7e53fb00,83c803d9e4396ce2490c7676938f3217,c618d84a3ad6a7bd97f8fe1acbdde2ca"
5182389,18272658,1,"2626f4e0d134f11b27145b1fb50f234c,948eeaaf6cba520f51c9d4c8193b6dfd,80cb75055c126c4d4fcfa91e624918b2,9c86f6fdfb7412788e101e7f01093a15,bdeaf85d90839fe8437ee2ad3478bc44,01488647cd5f624d81971447bd73ed38,196af5a0306376a4df037d60897d0dac,af9043446b3c7331572e3ea9f9284c4f"
4159780,14294830,4,"addf5f253337d6f8d9c8ae7a0067e38f,ec18fa1815a20c80155e1fd19a4250de,e780e9372915f700e2501dd7a57f39a4,f13d4a008e3a4e2c32b1dca936f98da5,bbbea909f499bcf4c15ec284a7d25f22,98465593c682ac46420bf5b5a62fe4fa,c4fc8c147362f88fdab6ceab7e2bdfbb"
4159780,16438062,1,"661da67c74c0c29ca9e3afc97399abc6,ac544dc40ad17b43256e4335b56ef25b,65e51208f9f3302ca48351436a6c01bd,9dfb0ec17644abf83306c452243f15fc,40eefe01f320ba1681813d5da7303853"
4159780,16438259,1,"9034efa84fa1083d237cbdc915f3bdda,23aaadc07f12b2d0acf8e830fc1dcc76,45bfd40fda3534550a9d7ab8121e1c88,45bfd40fda3534550a9d7ab8121e1c88,7e7d7a4660b836b35172364d5ba34d5b,9c33bc6a4fe8eb795d26cdbcebf8621b"
4159780,17711832,1,"dc5ff6ddb16b50b2fb529d149b9af473,f795d5a167a7b2e933d7b31518380b5f,57c8bf7065c56b257748a630733f469b,2272c0088d55eb85f4d206c457f60265,2272c0088d55eb85f4d206c457f60265,c4fed997950ba55b6e78cc2ef8f7f949"
4159780,43280544,1,"097052dabefaa67307003763bea09694,3561864d483a9a59b555d9dfb1f541ca,c6b1cbdf0d3edfa158cd5546a7e00d50,4101cc39d3a40992c1aa214dbffb3f64,647e0a364bb4ab99f6421c72fd07f58f,de10937fe7228d9844d00f661102940d,f32da309ebe502d6c01c1cd9e3c03965,b5bac4587e2e5b51ad0e64729a1f587f"
4159780,43856708,1,"2058c2778d4f316907e0cae8f8a8bd9e,0491a3301643fff224a6377a65376371,6487fa4d73de10fd589e35ed392e46c7,2cbfa910940cfca37c554e2e74e3f338,040a802453222681ebd084a47af96a19,ea7a47cc20de44b448b091869475f65e,74c8a42d6766bf84b701d33b8ddc486b,b31745b7478984910bde061c30e9ba0d,16e94dcbef917beb8311e60aa7adb2c5"
4159780,46045551,0,"abaea8f1cb23583e0e7fd13737af22aa,48c3775c22f0f54a65383e1caf594cd3,8c6d098e4dac304a22045b8f75770854,90093c158cb303a3cb964b10182b4359,57d6bfdb614ce19c4d81fad1f76c51de,7020065eff1cb00670f597a160371c4d,b420e346cd86842375bf9cc760fe1355"
4159780,14633562,1,"c4b8841a164fbd7f7315d96a566fe60a,e004795d6b10afe5b5767b6365826182,860d57b9cdb30775610e9d5c3ebd7cb5,82d43773691db78c44ca82aa97cc1a19"
4159780,51480581,1,"e6f7f036d764beef4e9e5aa01cd24fba,c71c0bb3a6fd601b094c4181125904cf,562ce40b8ad4f0c7775b7ef4088383c6,c130f67d94cc77e3f34670bc9bf8ad88,3267354682d5df432109ee62ce401e41,a486193a50741083a04480c3276b84d5,0038d775d462e63dd0eb409e9fda5ae5,c54e3f255688c528a93f48814751aef3,faf57a2046d1ae6d99f0b8ae5387a8f2"
4159780,14294903,1,"bde8accca1b138589009d39e1471a9db,6d6be806d6a496508144c20bcafbd8ff,8ff1900a07e33394060eb9d5d55df7b0,af702bec7380ed3d993835748c84dfea,9398c9152c84850fd184e919dfac4d94,f27d88aee202076b4ee5d72891aceb5d,70dd8be2e5b94938560969cc5154197d,48cdf019b98f70bd89020efa7927dbfe"
4159780,14631987,1,"7949965304547f11b0fc86d3ddb32867,743bdb73f76614f11a3abecb1a1ed8c9,193b9fd9cc81a9221b6e8eec954780bf,80e3d79366e0e93b4db8b12c521895d5,59e1afda5c8c071c2d94b5358e144457,30d8de412244b9277d96877a009a1e0d,14b187aac96011c74a5cc45d8f5bd84f,dff3101d0ca4ca71a83f85521b054374,21c873635b4a7dfc3fe67acad2db45bd"
4159780,49808955,1,"905fb94e83f334be70f834529ca2892b,0f35f6b6dacd967a0e32f458ab5983cc,e63a162b1df4112e07225dd574fd60b2,b77a06c13d5b6ddf44649bf1dfd52d3e,bbd4f75e2cd0db7a56976b2aabc03bc8,a337b0b1912971eda1f70d8c1fde5ff4,d93c53d2ef5284872d6078f51b8647ae,477c206f0f28c395aa239926afe56898,dcc391430a52cbbc1b162eceb4e7c88b"
4159780,49808928,1,"cad3b626086db7f52c4eabeb78beb8b7,c88282ac4fb9ccbf4bb7b8114ead215b,20a4df5d0a46da2c269f3567cde7e91b,33b52ab267d225e065d2f03aa6a80364,6ee898f85bebb6c57e68b89749bf835a,b6b6df1652cdda6bb348917ccc42dc95,e1b648fadeedab05a414c44d619fcad1,ede878da4a6f855b134e9445daea4d0d,bd56c89e862b07677b48e93144b1488e"
4159780,51480608,1,"53d1085cb3744c27ef5a3881e3c8c231,1f74ed47d1d7abf64ed80c190cfd3594,b8573ee294af558dbdd852d30bd04340,08f149da56bdfb139f7de4960abd81f6,3f64149c4e64a42eecef70a97a00e1c1,01a87139e747e535c23fc24776181497"
4159780,35946080,1,"1c5f68f2e81083ff88d83e44b6bd40be,af406cea23914bb702704699d63672fe,26852d32176b0a3b356f67059f2971e7,116802c129194845186cb3068cb4296d,e92876bd357d5ff87e525034875f0f5f,c553e2aa7f8c2e5e1560c77c78752160,4aeb306848afa7d459e8dca60fded80b"
4159780,14632825,1,"b6b9f3d19b617141ecd3c6b14023feef,6e8603812ad612e6ba2e7e477dcb045e,49e4a64f24490ba3477c19e6f5f59bc9,0cd40df1fe2e0d7da01dc35e1e9938f6,cf2145d49f4cf4181bd97a081d62b370,73488c8008d5de869f9e2bab5b9cbb3d,15376d315a1bde83a1ddac24d29dc067,1c25714df5a13e6aa56d204a937e585b"
4159780,14205297,1,"fe29a382228ad774557e395a946dfdff,a37d9c6bf8598b90d528ab187e23582b,f98b3b84fcd3dabff8b422458192fd97,e09b2f3ce9dd8d7b5f6863964127c586,bff7bc44a3468267bf41c30765fa72d7,80af8ff66e2570e453029e39a2241f7a"
4159780,14203704,1,"904cfdf70523d96deec47b3783b465a7,8c874da744f000c162e1392715e13d8c,b4415b2d77e27f5824d31c7bcf294aef,34a42fe1a5408a1c5a706985366544a2,e6f7b812766f538df77abf4642b2fb76,44b89d03f5f78765a611e854314780ad,942d269dae1d145117e791280bc9873e,94adc4ef169d4e4162319d31be61d678"
4159780,14634744,1,"ce5e49a2284257144becbd8e0dcdfd9f,8cccede1f5439f18fbf49b9d634d32b3,3eb66c1ff25373ae254a2ebc173cef69,4c0fd6dd2fdcf161b04062cfa7ad1967,b354a2c3eb8b1b4989c0141c51d2f1fa,234da4451a74f8ba631778e756a27d59,1d693c1b12e8d99385df6c6b592f7570,dbfc2766d2841e228bea23e8452b2729"
4159780,48243091,1,"e1bbae94d31ab8dada8a842c25873540,abffd24ed53ebb390da73994d0c5dcbf,5e741070b908983ae87b08e05c03505f,c98528869147cdb393f98bacb166c90f,6ac30ce7768bfcb3ba9d683b07c9a1ac,c3490d9d5880959cd3b7442f2fd263bd,658c7f24890ba2140c411aae1417e370,14de39e666d3eaf597df6b47333fe9ed,1f3c124aec3a97c4ce7d4e866c04b16e"
4159780,14204600,1,"17ff058a7a736b9c0f5beb60543718f3,884057ddd0800fce360d06e80c119054,11cbd51a0eabd59df58666a71252b303,fa5549bae3fe4cba45a8261af23a484c,e2d0e8409283b0d5fca649f99c90866f,43cf4bd889f81e8fbb33bd2ee8d06a22,fc0b4e7d7863532923d32d399f021c76"
4159780,15415894,1,"28fd490c65598672c58dd44561b55673,fed0bb9a491f508c987bf2a282875ad5,765fdb1bb00075870bd11431efb9f5bc,86047c4133d32b496174d1519a2e53c4,9de6d73900911858296f2138534352fe,784a996d63d1202689b03147138c183c,c3c757f4c011ba7c47e071ab9ff8c48c,c44d3fd7b7da05d70b14e41622f02161,3e252b837ea424aebe253f73bf9b6a13"
4159780,15419150,1,"8beaf7aa3fff99a9102d993d496ff40d,b13967995f64c8c6336c538428fc4d0e,3ba83bd259f00d840e17c2cf63f8af8e,032fbaadc988187a72ef30ad6f3c46ff,f2d7915794adbbc9322ce7b5812b7c61,25cbf962aefcaf2a40e4e8b161cc343b,1ed9650f246a2b83b992c1da9c6f76c9,0d3e458edeec273d1de9f04844a4dbf8,ddc42f0677946dc3cdebd1e8aba2c69f"
4159780,14203547,1,"eedac4066766f3bdc75c67696419314b,96feb8b498d10e67dd3e2f8b37270f58,02d2b2309ae07cee1983711e0c9195a9,3a559a9d43bda33e622e66dd2e841917,b04eb3a3bb15340e8699187ea9a65e11,547bc2f3d6cb0621763f6989b19189a1,452a1f14e5a833714988cb13b835274a,02f0ea9020557e823b4c3d0c3f8c37ea,71581939fa405bd665d1833a1a13b004"
4159780,16757529,1,"c1f4905670576ad7b364f9cd83c60481,6ce7c9fd6eb56e8f16f26726f3f764b3,78677a4e8b47c3ca152ec6d0311f603e,60c5f687d5908736f4babac7df843aad,40f4446b1f78bb3925a6c3870a307c61,34236e7a006f359925c381ad61d00593,b8eae54d84e610b98bf1197adcf3c2b6,b7ae1241031972fc2d09391b5edee6f5"
4159780,45733578,1,"f746f692fb9711d29922f5b107f69434,aeb035baa12924bddec9a8f8b47ac506,584c855e411962195cfe14d568337ded,1ee103754507110cb5314159306c3255,f78bb60ef941287f08058c96b54aa5a0,129b4dace0a0c0400549969f1be1cbc7,c59ab1b064c37da73d576aa206fb4437"
4159780,46508862,1,"893aa8ac68abd5a4f2212bba0a8c2cd3,7dfda7d4bfb5264f808f895ab59632a5,00bb494225dd3681f5ec12e74280c31c,2db534e75d2c18fc00887768dd09622f,8ce9962ded1dfd21268143816859045b,1604b73a8fe4b668d567c1f0798abb7b,7ae94c50d60e8879711f9912ddd683e4,64e4a171d72c47bdb3bcef6af7dfc85d,60a787473bffccf3cecd3b889984f586"
4159780,49803888,1,"71a0bbfb22b7b345f4114ac4f9ae96b3,49fb7b0b3ef358fe2d3eaa5f466a9efd,1bb3bea0fc456992974b91962c5d5822,2ed22c4cf202c2977b632161bebe2711,e5b3fd7c40915036bd9006791aae5047,130389f65cddccb312a04f58e1ee9d67,1019db08e12ea1dbaff636550cdaa323,5960402d28c3ee5b1bdc187ce8b542aa,42a9c569e942d755ce5342aee7df94a3"
4159780,14631115,1,"86b380f0c5dc5765e9e332ddae7dc6aa,5f59f09ccadff8a7068df37f848723f3,fd5e4460de70bd3a6ba9e12a78832374,04a7b8b0fd724f7e39d5b598dde79bce,a076c351c2dffb5c14553a0b795e7545,9eb41d7de22ce483588478359be73199"
4159780,14202485,1,"97c4cf4488fe9fa7c922394dceab7e6c,34948594f415183be9e9c7ed5884d121,0973c50cc4f9351bd247745cba4604e8,2eb6a535c02615731b2c9ad14b104798,703b74c49d9f28a2e1e0bd6b62585139,4025efcc26d853af8172cf5f6b8e7903,d049e0fb2f9b22bbf272701588719751,5d4709db1f170c5b3047a6966eb4e10c,e027262112adcf6a697b9a9a68d111c6"
4159780,14202557,1,"3c0e89bc3f42bade42ebfed929c74305,f96574a36756eeb0125920fbda332a73,a56e5eb61235473441efbc8e32b2e047,98b1c04025b7c8c164e11ba22f95141b,7c23e318cfc9b120904307c9a7ace8b9,d97b2329c8de5f4682d98b478bcb41fa,d59f500d85e0c6a13cc94dd3fdb255bb,8060971eb504c3aea591f96b31013a64,da1e1622b6c6b82989d60756b168b914"
4159780,14202658,0,"56876c79921a9af9a24dfa3650c4bf38,0ca5ba71d96eb99efb1ed42f2648f0ac,1af38ab5fe2cc0e1a23d3c82ad29f079,65b29f1000108f6851694f6964c732f6,16a39742e64b50a0f4c215b71cada855,23b71eda9b55c75b025908c4bd2309bd,1733635d24e8ee4c59f7caeec99e95c8,70083e9b1de31bdf2399e02ee0440148,b093bf99a4b5f933f50d77a4b950fe36"
4159780,14202689,0,"715fca217ecf0e1dda0a05e9524edd9b,953e6d36f464ad5c8162219359106bf9,4701ec426a801415f854b17f64e39f2e,ef909b8790a7c767b8c4f4cceec28cc8,537134636f73b7c843c0bca50e6373f4,6636965cc7332ed0c156fc84c3dd86fc,c7800b92b2e1f823de6c40db86f7d0ed,4fb041d3e1b6944fb6246b79d3f73b1c,16d064968706baddf6849a6b1f7cd2b2"
4159780,14202962,1,"0706c6824ba6f201de1e48e95afe79e2,a34f080cfc637b41ac838dee56cef328,0d1beef26aec940762fc2260e057f46c,48f3da5816b99f7b35f22ccb44054b7c,a27be8b91756d613301101f9947052b5,030cf12811fa4eb496c9eb7f32788c3c,4e0ad4da89574892721abf76b3f39116,779295f21d5eaae0996dfd7220a3f459,5e1949b5b9ea09a85e48720c128433a4"
4159780,14203157,0,"66faa3934a70f416decf2c5f59127373,d57748039c17e78a86de8a0a0666b81b,260bd51003ab71396de60b678b6c1372,34200e73f2a530d885a0dc9e8ba5fae4,979043cbb78629f5465cd84db4f775c7,b4935b2934ace60cad23e3cd83b6c722,27ff70746d3899c876381b5470333e40,41c48ca04029c4f7f0a893768719599d,c5505bdca8ebf762cd69d29ccc4d0920"
4159780,14203201,0,"5756e8d48ded62f5ebb8cad894eeaf1a,295437df9d7a389a7a0d72abfc343000,bac5cee927437b6285b473e9ae22d1d9,a5b7e38bccb99f3c628ed22431a68f1a,e09e75b15b42e1a0b647d34b773ba3b4,9011db1197db8665ba4b4577ebb268bd,236523ed6a1c45e55fb0f0c84368e62a,74ef0dd6ca1502be5418479e5d54c495,b6f4586a16f31d9693a0f2db67c19a11"
4159780,14203232,0,"d1963620b653d203d0fb270a8c9ad10c,64c0e2da6b7794824240eba5b7cab0c7,845043c921ca993d4b03f7b707d14be3,97b60566e33a6f8f998805ce2ebe850f,79fe6bc277a8ac24edb705f02e94c63b,bbb2b348047a7605c677a48cf944f320,a06b33577ad3f46d7021a6e9d5daa3fc,487f55497359e34e720e326d7f2f7ec6"
4159780,14203262,1,"88cd138c35a3744939b2b664f5218c53,116acd8701a35219b63fa0af0fd4450e,b3f1310f7e8d81546aa9320fa87d8ffc,2f6b7fe178d01ca9b3c183845e68af7c,652c16da0bb007a494897a780104ba84,f6cd90c91cec6b228760eca1b31f744e,290cbeba46cf085f91eadc5c07505050,f937cffeba98b4ebbea4908e696507f7,dd849a7ebca03ee51837ff05e2a63415"
4159780,14203312,0,"307a3cf3e80375f0072a6e7c8635050a,7b36eb4c6002773ced4a3af2f3fb8096,a722d04392037d65921842a2982c6368,5e51c87ce55f994c2d399e51869172ab,d3e772230556a8d0e1c545a8f2cf932b,276e98d860d1f493f930312d5ec8a71b,d0790e602d508ab497a1d238e41e96b7,8a55396e319769526f146cfe6db0ebae,8fc168b6183e80a51e135a8a24135571"
4159780,14203359,1,"2bd336fc584bf6253933a8342f082b4d,5b018a3f511f0f437878174aa460b393,cbdfde7397d7b6f015d7b374e601c005,d221b9684ac64715354322b87fc90e2d,359d6802e09fd02fa293b4144bebd420,72d135473159de49805b147b9b0fef8c,c148daf3080de52e8741a71a40208bfc,ab54e4becf09e65dedf4241e061d2c5e"
4159780,14203384,1,"1c1e4a4bf3c62c601ef986d1bcceb0c2,49f0fedabd34f30cae18e5e3b2df13a5,80c8471f06340f6cafbeb5781e9acebd,3151f93ed610b25214107e7914f94172,2661fd7b646350b171cdeda6d39c4e1b,b0c565bf75c46762ba14c98001955627"
4159780,14203413,1,"5069177730ce81d09316ae5b38f6244d,abfe097e302576846134095466a709b3,686695b84b9f3c61d20a279baeffc440,7cac73a2a39cd3512064bf61b4af6210,87872de7c4e6c4100c8dd2b3917871ec,c59a38da01d39c9419378c727d8cc9ab,a375b591431f37da6dc05c0c3474ab19,085955e7faa150296550f11312f10568,cdf66a94ff10263390b153d38b7c6490"
4159780,14203468,1,"4b78c8c4832612c15f3cdf70b43f7e9e,150a0956b44490e62a14773a0279074f,82074e0a30b0ad389bc32a47922be899,9d03adc2fcb18fb4f8c033b84734a9fa,5f7bd1b0d5ac77da7e5f8f39244d410b,557168fe5b66ed41ef82a37e72cb9112"
4159780,14203500,0,"cf2d0e26756e4a5465e781b9c527bcaf,99d534e52dc9e7771664857292256ed5,10d182e6ceda6a3e566dab9dea9b9807,05ccdc53755cfbe6d7abf302cb68ea41,400031905bd0b069a1c95f002767519c,df613ac8aac4169ca4a0080da833af43,a0e91629b72f51a98f712005506e0fdc,964853c412c5c9cd879cec3acfcf7de0,363ccf7e98131c4945b2cf8c7a450042"
4159780,14203523,1,"258768a8148cd419f5b99f8bba172b93,01d70f96105a29a2a9e71c478e3feb8c,dea2bd786561935189abcb9b2fa42940,49dbc9c9dc0ac37ffa75c84a0ad3ecc3,0b663849e2580a2d3403f15ee2113f74"
4159780,14203591,0,"61f7ed99a546dc298ea93533eb8bc6b4,fbc75d229a07437cf4106fcd0d664696,3ced87bb612ae927a43b7aa483eac121,1a09cffdf3cbe7b7899a7a5b1201c7fa,fe1564b2fe32f491f8da16d56eb31e71,8d6535787e304a0d7cdb96e5ac815f36,240a08d27d3021d4bcf3cef88789ef3c"
4159780,14203642,1,"a3fdf46eb14a123acabc51111ec5e5d5,8812c542e066974f4bddabf85f3ab184,088e050f437962603003f0be51e3c5f5,fc65e264ea68d6783f62b54cfcc7302c,da4f530f118b280c1a301fd93d8f28f0"
4159780,14203680,1,"0cfada9cf69290a15d9fc24c228422ca,c9255a2598a88d12ad8c7e63de5c694b,d10209b817368e7f3ef51e4e65f7429f,7b090626ad3dd6de6974de8c5344975c"
4159780,14203746,1,"a13178d31f1424c076d5a34e9159f593,d6c70c1687315a27cb0bd72e24d1c2c5,008959a57cbe39bbace69906fee8ba51,2771484eb7dd1f9ffa78569cd2fed6fd,2f779d97572c0a5f7ba17e1f2f61c3c5,11afc93762d193e91613cf4f74d305d9,99ef044d700cc4b00c12174a28e1786a,0e7aa31529b8c374f98be760b14c1825,64291048c3ab40e0b7127baa41a14156"
4159780,14203791,1,"6efa90adb35d518dab43142a6e459730,dc5ea9f28705306a2a514ca26af2ed50,6463706994fd720491e81c3eaef2669b,49bf1bf3f1224bf31447f2379734598d,f2a530d8641f5d766288fadb170e286b,e4ba4dae975405cd6bf567fc749fb036,2bc7459f705994fd93bbdb28bb3a31c4"
4159780,14203826,1,"8c0ca4f848281c3de98089289b9df5ef,c0e247b20997056c8444c699682d02c6,73b194d84168d66a1825439a8b325662,3a449dd88c6be03e8e7d320c2b3453ef,34873be41f6e6b295cfb8da4793aaf4d,1584838ed1740b241a2f32410204874d,6fed90229d5e84653ac8ccc555225225,c06136e90ab0305de0924f6cfc7b4003,95f50e4080e57c9473e2cd34726204b5"
4159780,14203858,0,"1a87f1921e6043c62a9084c021a0f2d7,59a4a1961a84c9cd404c482150cd4449,66085f20c7fa146da873c4cfe92c793d,afce3b57e2bdeb3aa30c84128466f898,eb2640cb06b6a6769b681daf679a96cb"
4159780,14203896,0,"609a840bc63ffbcb09ead8577da7a689,c930b98c1b86bb1d93333dd0f89a7966,353ffaf5270434c00528b7304d33aea6,7a6126fa7b225258f4ebabc9d00b4c37,980f56e0a597fbeaa191b0f6a6458163,29fd5ce2995dcb9f093c29db33b83436,056694815a04eec1c54e9f05d08cab74,4b837a7ebd5a0ee465f36cf5107de1b0,2be1a7a0cc392c69293edb243127f28e"
4159780,14204529,1,"11f4b51b04c4e96b6bfcbdb8dc555f99,31f0fe87ff0cb7282099b4aac59b78fa,633efccf43454008ef64569deb5495d5,0d99b6dcca9595e0e50ead53cd4621b5,4befd9bcda1845195a9a2590d0ffe23d,e4c8a34ff3f66df64394222e0099b90c"
4159780,14204554,0,"508d435762f8330cdecec13fe35d2666,907bb9abc902d47e78cdf41e8f5759ec,5051ca757b20e0cfe84bcefc82030abb,a5276bb33cfdf0bac0f311f7d972d629,984970245433ad7a1134c6abaadd70fb,034107f3f6f87ced35b022682002bbd1,87d35b7c3a34b018836c91dac7c21e61,036ceb501b9c828109219fbd821995e4,109a7074cedbb49f66df6d194a745d68"
4159780,14204636,1,"583c8708cc2ddc01390b9f5b924700f6,4d7fbed6b2ff2b2d2f16f6c189fd8728,8573a6c0ce1680da60cb8162861480fe,9ed6c06d1ead99a58dd50119451558e2,101c5b2bf52aea6e67c40ea1950539ac,dc1b98b750e4b679bc4806d82451af13"
4159780,14204670,1,"477ccdf5c2e74737d54c7c1f17113fb6,2e104e79ce45edfc4cf8e6057d664a3f,d5a3278b6dd73a23336cdfa5e538a101,30d1764b875b9e5450d6fd9d3473ea93,bc874cc2d6ea0527c813f52a46b74267,32e79e65e5192b19e93e0aa8a9d6447b,f3d14b454f672911bdc675ae1f46ea62"
4159780,14204706,1,"77f766ea73e0a8559a5d2e5e1b0efb26,19915f482b6b379cb4d964e70d92dfb9,646cd090ab6ae0a468eb54ef3fff70f1,ecef7fd3c653800b6dce40bc4a6d93aa,41d9a03ff417b6bfd29c784f0f6e2e9b,dcb684c49f537e12f819882991545b7b,2d6d9ecc9f3411ff1659a04532c70c51"
4159780,14204738,1,"87cec3b35d4d25c6587f55b65dfee24d,9995298b234237e55507934627f17294,f46c5eb9169807dd8f84aabbe89bdddc,d2e32107afa601c6c6e43367297ff6dc,007f53e63ddfc87f226a34f6c0871f46,e1da18397eb0ab42be8d9eb5cd2e56a2,69660b808cacfb59a8308ca3ce5385a3,dfef75b485a3481731b3f02ac2d38157,508d9508dff77dda3165e453cf3e612b"
4159780,14204836,0,"8c16424504085b0041bab3e99600d5cb,0f389a006c2e7d59f648009588b12ff9,f3c11ceb5f0a23edc978aec4955bafd6,a9a70432b4803d5e9de09bdb01412340,e131eb4e651aa634abd0722ffb98756b,b0afa8879a407ac03422a918d8c9631f,3d175ff4537402e792166334fea8d9b5,37f2777484765f9abe6011e5f5c74437"
4159780,14204885,1,"933c61049d4d953d3bee43b827b1061c,a0f20dc544dfa48d15b97fe6314e66ad,92eb3552b637a599fb75d9065f2b1ad5,b9678eda4944c9fa73d976a102f22e86,3a25fec59d3f0e846f153a7dc39d4245,8b4e77bc0a5786ea5e54e0be0afb54f1,e72121e7b6e74c23987ba40fc770fb1b"
4159780,14205058,1,"9a8cb323d550648a39e903c1845bd919,29414afd984fd73d773d3daac4f60b41,d12b5feb831d19be7830e3855be1aac7,5f3f0d621aafcdc7122d787a960140bb,d8f90c31c70b8efc4c687e9c30394990,0b8cbdadee39ed2f94162ddc62a37c2b,a7ea5d1757f6a93d7c6bd4c5a88c2999"
4159780,14205109,1,"e61dc33b6d6d6a0f8daf214b866288ee,cb591bdce6b327804fd9e6c93375be05,abe807d4ae2b3fa428eaaac0ebeac8d4,f975dabe6ce3d31468c4db931cb4e391,6f874aada6ad411376eaf3d1d0de5f50,a9e83e975d82fcf0b2d6cbfc2aaa8e7e,ee98ae4c8cb748493cc68f7579eb0f47,6b4d2403b864e84af3101c76799715cd,b4ab91170e13f39a54f1c1040b37a10f"
4159780,14205241,0,"9815a50547b8f21237ffbf9b64362d2d,9f541087deb4bc83d06f1b1d239e5959,71a617830c17e0f1fa015965153cb094,49c730ae3420be437fb0e221b00d7d2c,7a2c839cb78794ba0a9164d4ada4d904,36e0116eafb5902c01813750968293e0,8190978f34ff8b1c8cdfcd249bad79af,db19a2d9e76b6b5c6e2234c9a9302bd3,cbfb78fc3c624c77e43b6697cbcafa6b"
4159780,14205340,1,"0ea198877f2c716ae96a98acc441f78f,d1577043db3372e90c171ca0d2d512d2,36e05c6897fa3e4e6aec9aa219073f2f,9eec9193b7e0965db072ec496b3273e5,9e79706b0989aa6a7815951ca7c4afaf,908d64a968bfc7b6e8d3bef82cbcaf0d,8c9ac8496454b2d4f0ed32cae2699493,2c8add6144d4bd69af3023f295d5e32f,794ff2ee346f570206b0b454409ae42f"
4159780,14205373,1,"84f09fddb7cd90bb3f6d69b71f8bd4ab,8ec8601331227f1f7ca90fe43106415e,efc1c1030512c9fb6b66b7cdcc4db357,acaf1d57625887aa37c7f7157c7ae27b"
4159780,14205407,0,"8f8af9753d9b11b3246c23aea3b96a5a,509f26b97b30a8faf61f200ca3a146ad,7d81d97c9c82b75e6b6b7a7bbecab37a,3ae007baf3e8fb71d19d2f3542d97723,8b69416ffc34c2fb1b0d07454e55fad0,dd813c7b6f431de2963faf1143a3a28e,5ed64c4bb8630511978f69779c964e9d,3937a033bbfa4c362deb3bf71b68189d,a5862558fe563081b2f6a94b44e8bc68"
4159780,14205597,1,"dc3dab727dee32a755f97570912810fa,28f97ce274425ea10b4134c7d8fa6d14,57b530ff9e5838cf5f01b80ba173a0a0,fade335d595981086014fba7520b4fed,5715a6ee105e5e832d37cf8d63d7e5f9,5f78cd6a7a9dba7ab5da759f8416fc17,96bc5f80e45c6d7bf55fef07949c60d1"
4159780,14206006,1,"711c61c4311a0a96b261e920418b780b,7c08de5baba0259cc8cc4650ed30727f,88e6e8ef4cc8b2ae06b1fd93c6fc05d6,69c18a69e81037e18d9fd9334fccd785,6f116793ecd234b3b15b85a8d3399a12,07f960645e2284c0960ef9e72fae7c23,ba1582adb5d7718327856b1240a33e66,ffe45fbccf9c2d07964f6bbe6aceb8ee,994ccfb31b1a984615ac57565371e8b6"
4159780,14206166,0,"26a42ed74a14093474f77c063c61ecdd,67142bd42002ddfb18dffe407c427efb,4e34d40defc8abb3e9a2364e97358e84,fb7251b347b982bc43eeab1c4fb760fd,66994d06e9195487bc4379bafd74f062,2c457f2f3db56a11a0677f27b8a42d21,1d29bf5831ad1c7518c21ef0f8a07753"
4159780,14206194,1,"5c9cb8c6c52343eb193a45cac35b43d6,2d751ae5f478243e8858dd88f77936b5,22f9fcc65b827116c5f7dd46683bb4d9,aa587a9d94dc0668a3409b119ade7b94,a904e8b00944a1fc0afd64aa54f3c118,aa493c38d5745c22367c915d95bd7f40,ed7b19193ebe125dbb67a95567a16356,4f240591ab53c45d7e5facf933296f37"
4159780,14206247,1,"46ff46d31708f6dfffcfbc7030de964a,baf47ad5844dd2247fae6c427aa3b1ef,430c6a92804ec258c10d13f78ca45d29,b4d4823e48b3881f416bca85fcc77bd4,d0ca1245e94d3c4ad296fe1958f2eb36"
4159780,14206305,1,"e58c4dadf0e7a2e36bdd16d9bbb91427,493ca58f09ee8cbfd9b6194a38d37c1b,47aad25a1f11d9eb77727b69550a6153,d12d9a0ab9abc2cfb28e864b977929c1,5fb31de564dcb865980466b5053412a9,3a565e909b6cae77651a95daf8b32535"
4159780,14206380,0,"369bbb597b20d4c7688b13c0b1aa50bb,20518997e7f77e42084f7a93d4ff053e,6d1d83a73b5a5343575eb8e509104d62,0732e5187f4d3c9f155eee5205375a81,d81092de4666abbbdd80edbf73dfafaa,804090bb9b95ed5d9898cf280d939097,aefc364d52fcd73db717a55917ede51c,251a8cc3faac1cfdc005d164e4f478ee,423a4b05f338554ec372fada4ce4cdd7"
4159780,14206471,1,"e4c5298da3d030a93c78db2a18f742f5,941ecb0c4831a56965682c81a5c6f835,59b1382778e40cb9b808b92d27027a80,aa914fa46be42c71593064625958584f,f90e45e3d0f65656cb4dcb7e858a99ca"
4159780,14206521,0,"09c7d40c9d207b1b745d39e034253118,43b67b2013ad8e32278bd0d10908ef7a,4a0bb7bcc8cff5acae4b1cd3c297c876,2abb89967e7990ceaca89e919cc9cb2f,fa26e3fa8c08c3966a535b7154c3d925,394bb895965c58edadb3d22952c881dc,4ec712bbfb2e540464346d3f5ba5fc4b,40705705b771dbc67100a64c846b5d43"
4159780,14206553,0,"2724642e02b38a79ddb1625d2fc77251,5b9b02749f3925580eaa786aded0ba5d,a257d9d9f190d558aa3669d9ddce4e10,02c615a72494d5dc4583108972d89893,2c99b83f0032b1f653e97590f7a96af9,c5e8e2ff5b67f9f5afc717e80348f079,afaca79c60530530a1903ccd3a0e23e0,0a96b6eebf2f7cf1d6ac25464dea83f6,f72073841e76bc58718fb9d3adafd3c7"
4159780,14206600,0,"0f9e798d9b0e5b59b8d4cf0b290f3bac,e2ac7a059ec579aad05ec80cdd8dbb5f,f90d6489ef866a971bdd9cd75b9887b3,8342118d96fa8e023565b4479f6c00cd,6f9e001cf9ab945e1041f83cf0e416b6,2de0e225b6158637773f7fae8169b767,66c55e7ec4d0773b9fbab16ab0959a33,1140a7c3279b6ee89cec3336c890527f"
4159780,14206658,1,"21ad235b010a6c804cf0819da21d7049,ce9766516dd31241fe1ce1ab75e900cb,53284c8be535425c4b5f23f3800fbdc8,a338098231d13700d16d77b4c2b437e5,19e503da9155e5fbc1ecb2933c58d2e5,b86918d5db48b5dca0ed1b31c5eb87a5,fe609188b2f3e5e9c8d7eeb26df8977d"
4159780,14208411,1,"26d57480ea83ff7880c8bbcaec330687,031defde7a57cb1e9cb7ba617363217d,202ea7a202536919989913b90ecb0eee,2c9d362f7704a419356c11d205a606c9,38a3bbcf7d7f7b7ee2f3d849f4a6d986"
4159780,14208569,1,"616e8e39c3514d81da76a4c1506ee25e,9cc62de69a81d15c07dc5bb181c5a6da,eb82c5b6a77e7040dda086203768c104,58a55a511a9275a0e492265cdf98a678,6305bfc50a7412932eade882b00dbfb6,2407450b82c8c3648d78c0b408e30db4,b34bc6662a78ba23bf45c0204dd0abd8,500dd25f3dba64a83d3c84064ea420b1,b6a9febd7561e79b749684361cdc0bcd"
4159780,14208616,1,"945245f53bbab9cc7ef95f383e784c3e,43caceb7704e5254a3cdee7369ef5452,c61e316457d03f74ed47b87c4b14f08c,d7b869e3870e78d90a470d5b5f74531c,157b03d48affea15670b658cbb38a84f,18b3654474e9d851b38aa9ecbbfcdb97,52cd12e4e12f3c5ce1041461b459b500,43caceb7704e5254a3cdee7369ef5452,b5b39b682355fcf87a96c70a89109e3a"
4159780,14208689,1,"3355d2cabcb19e85276bc2383a34a8d9,cfc767a2679cba6e1faaaaaceec0816a,109ddb437e272b208f80816d3ac89730,3e3193cbafaec2f57b240846d76abae8,9b755f03d49cc227d2d0ed44cef6c05c,8a519b5a547183e8848969f1c6d1944d,710f6bdb53b98c6495e0d829c8ad10ef,a8103426915f6a8c567e855a74ef94c6,2260ca89224211a5e2f90d355ec1ce34"
4159780,14208723,1,"ed52af34d3ba7b9a6b2b0323c15ec4b7,b6107a2c0962335d5ef2371c9ca919e0,b83b1ac6390fcc1448f7b62888dc6b6d,bde2938b0eaa0248cab1007e926e2fe7,dc4ec6ec0c8d4d0aab4d244893f12238,5c7ce970181edecf5cf6e696fecce7ae,549138e5bd21971c4fb890bf41d80b15,9225647f52fc336f742d02bd6d54eb0c,f49abf765d5edd8095ebf729b935abc6"
